gregorian_date,month_name
2019-06-01,Month 1
2019-06-02,Month 1
2019-06-03,Month 1
2019-06-04,Month 1
2019-06-05,Month 1
2019-06-06,Month 1
2019-06-07,Month 1
2019-06-08,Month 1
2019-06-09,Month 1
2019-06-10,Month 1
2019-06-11,Month 1
2019-06-12,Month 1
2019-06-13,Month 1
2019-06-14,Month 1
2019-06-15,Month 1
2019-06-16,Month 1
2019-06-17,Month 1
2019-06-18,Month 1
2019-06-19,Month 1
2019-06-20,Month 1
2019-06-21,Month 1
2019-06-22,Month 1
2019-06-23,Month 1
2019-06-24,Month 1
2019-06-25,Month 1
2019-06-26,Month 1
2019-06-27,Month 1
2019-06-28,Month 1
2019-06-29,Month 1
2019-06-30,Month 1
2019-07-01,Month 2
2019-07-02,Month 2
2019-07-03,Month 2
2019-07-04,Month 2
2019-07-05,Month 2
2019-07-06,Month 2
2019-07-07,Month 2
2019-07-08,Month 2
2019-07-09,Month 2
2019-07-10,Month 2
2019-07-11,Month 2
2019-07-12,Month 2
2019-07-13,Month 2
2019-07-14,Month 2
2019-07-15,Month 2
2019-07-16,Month 2
2019-07-17,Month 2
2019-07-18,Month 2
2019-07-19,Month 2
2019-07-20,Month 2
2019-07-21,Month 2
2019-07-22,Month 2
2019-07-23,Month 2
2019-07-24,Month 2
2019-07-25,Month 2
2019-07-26,Month 2
2019-07-27,Month 2
2019-07-28,Month 2
2019-07-29,Month 2
2019-07-30,Month 2
2019-07-31,Month 2
2019-08-01,Month 3
2019-08-02,Month 3
2019-08-03,Month 3
2019-08-04,Month 3
2019-08-05,Month 3
2019-08-06,Month 3
2019-08-07,Month 3
2019-08-08,Month 3
2019-08-09,Month 3
2019-08-10,Month 3
2019-08-11,Month 3
2019-08-12,Month 3
2019-08-13,Month 3
2019-08-14,Month 3
2019-08-15,Month 3
2019-08-16,Month 3
2019-08-17,Month 3
2019-08-18,Month 3
2019-08-19,Month 3
2019-08-20,Month 3
2019-08-21,Month 3
2019-08-22,Month 3
2019-08-23,Month 3
2019-08-24,Month 3
2019-08-25,Month 3
2019-08-26,Month 3
2019-08-27,Month 3
2019-08-28,Month 3
2019-08-29,Month 3
2019-08-30,Month 3
2019-08-31,Month 3
2019-09-01,Month 4
2019-09-02,Month 4
2019-09-03,Month 4
2019-09-04,Month 4
2019-09-05,Month 4
2019-09-06,Month 4
2019-09-07,Month 4
2019-09-08,Month 4
2019-09-09,Month 4
2019-09-10,Month 4
2019-09-11,Month 4
2019-09-12,Month 4
2019-09-13,Month 4
2019-09-14,Month 4
2019-09-15,Month 4
2019-09-16,Month 4
2019-09-17,Month 4
2019-09-18,Month 4
2019-09-19,Month 4
2019-09-20,Month 4
2019-09-21,Month 4
2019-09-22,Month 4
2019-09-23,Month 4
2019-09-24,Month 4
2019-09-25,Month 4
2019-09-26,Month 4
2019-09-27,Month 4
2019-09-28,Month 4
2019-09-29,Month 4
2019-09-30,Month 4
2019-10-01,Month 5
2019-10-02,Month 5
2019-10-03,Month 5
2019-10-04,Month 5
2019-10-05,Month 5
2019-10-06,Month 5
2019-10-07,Month 5
2019-10-08,Month 5
2019-10-09,Month 5
2019-10-10,Month 5
2019-10-11,Month 5
2019-10-12,Month 5
2019-10-13,Month 5
2019-10-14,Month 5
2019-10-15,Month 5
2019-10-16,Month 5
2019-10-17,Month 5
2019-10-18,Month 5
2019-10-19,Month 5
2019-10-20,Month 5
2019-10-21,Month 5
2019-10-22,Month 5
2019-10-23,Month 5
2019-10-24,Month 5
2019-10-25,Month 5
2019-10-26,Month 5
2019-10-27,Month 5
2019-10-28,Month 5
2019-10-29,Month 5
2019-10-30,Month 5
2019-10-31,Month 5
